108349821,0.02,382748 Pago de prueba ,jose r, 
108349821,0.02,382748 Pago de prueba ,jose r, 
108349821,0.02,382748 Pago de prueba ,jose r, 
108349821,0.02,382748 Pago de prueba ,jose r, 
108349821,0.02,382748 Pago de prueba ,jose r, 
108349821,0.02,382748 Pago de prueba ,jose r, 
108349821,0.02,382748 Pago de prueba ,jose r, 
108349821,0.02,382748 Pago de prueba ,jose r, 
108349821,0.02,382748 Pago de prueba ,jose r, 
108349821,0.02,382748 Pago de prueba ,jose r, 
108349821,0.02,382748 Pago de prueba ,jose r, 
108349821,0.02,382748 Pago de prueba ,jose r, 
108349821,0.02,382748 Pago de prueba ,jose r, 
108349821,0.02,382748 Pago de prueba ,jose r, 
108349821,0.02,382748 Pago de prueba ,jose r, 
108349821,0.02,382748 Pago de prueba ,jose r, 
108349821,0.02,382748 Pago de prueba ,jose r, 
108349821,0.02,382748 Pago de prueba ,jose r, 
108349821,0.02,382748 Pago de prueba ,jose r, 
108349821,0.02,382748 Pago de prueba ,jose r, 
108349821,0.02,382748 Pago de prueba ,jose r, 
108349821,0.02,382748 Pago de prueba ,jose r, 
108349821,0.02,382748 Pago de prueba ,jose r, 
108349821,0.02,382748 Pago de prueba ,jose r, 
108349821,0.02,382748 Pago de prueba ,jose r, 
108349821,0.02,382748 Pago de prueba ,jose r, 
108349821,0.02,382748 Pago de prueba ,jose r, 
108349821,0.02,382748 Pago de prueba ,jose r, 
108349821,0.02,382748 Pago de prueba ,jose r, 
108349821,0.02,382748 Pago de prueba ,jose r, 
108349821,0.02,382748 Pago de prueba ,jose r, 
108349821,0.02,382748 Pago de prueba ,jose r, 
108349821,0.02,382748 Pago de prueba ,jose r, 
108349821,0.02,382748 Pago de prueba ,jose r, 
108349821,0.02,382748 Pago de prueba ,jose r, 
108349821,0.02,382748 Pago de prueba ,jose r, 
108349821,0.02,382748 Pago de prueba ,jose r, 
108349821,0.02,382748 Pago de prueba ,jose r, 
108349821,0.02,382748 Pago de prueba ,jose r, 
108349821,0.02,382748 Pago de prueba ,jose r, 
