Número de Cuenta,Monto de Transacción, Descripción de la Transacción, Nombre de Beneficiario, Email del Beneficiario 
108349821,100,382748 Pago de prueba fdd,jose r,jfdkjkf@banis.com
108349821,100,382748 Pago de prueba fdd,jose r,jfdkjkf@banis.com 
108349821|100|382748 Pago de prueba fdd|jose r|jfdkjkf@banis.com
,
10834982133333333333333333333333,0.01,382748 Pago de prueba ,jose r,
108349821333333333333a33333333333,0.013,382748#ddddddddddd Pago de prueba ,jose r,,
108349821,0.02,382748 Pago de prueba ,jose r
jkfldjfdsfjjjjjjjjjjjjjjjjjjjjjjjjjjjjjjjj,,Qq@@@@@ ,@@@@@@,jfdkjkf@banis.com
108349821,100,,sdfgsdf,jkjhklj

108349821,100,,Jose R,,
108349821,1,Descripción,Jose R,,
jkfldjfdsfjjjjjjjjjjjjjjjjjjjjjjjjjjjjjjjj,,Qq@@@@@ ,@@@@@@,jfdkjkf@banis.com
jkfldjfdsf,Qq@@@@@
jkfldjfdsf,fdfdfdf,Qq@@@@@ ,@@@@@@,jfdkjkf@banis.com
,,,,,,